{
    "model": "lag_7_baseline",
    "MAE": 5.458775272727273,
    "RMSE": 8.097942095484393,
    "MAPE": 21.24182298025087,
    "WAPE": 17.924378664814547
}