{
    "mean_absolute_error": 2.5183374415214304,
    "median_absolute_error": 2.1263852482580656,
    "max_absolute_error": 15.44833547945624
}