{
    "model": "lightgbm",
    "MAE": 2.5183374415214304,
    "RMSE": 3.156433255275986,
    "MAPE": 11.35318862236617,
    "WAPE": 8.269187070794738
}